First Name,Last Name,Email,Accepts Marketing,Address1,Address2,City,Province,Province Code,Country,Country Code,Zip,Phone,Tags,Note,Tax Exempt
James,Wright,james.wright1@harbour-run-demo.test,no,12 Queensway,,London,England,,United Kingdom,GB,W2 2UH,,race_day_taper,Demo seed — not a real person,no
Sarah,Patel,sarah.patel2@harbour-run-demo.test,no,44 Battersea Park Road,,London,England,,United Kingdom,GB,SW11 4NJ,,race_day_taper,Demo seed — not a real person,no
Tom,Hughes,tom.hughes3@harbour-run-demo.test,no,8 Victoria Park Road,,London,England,,United Kingdom,GB,E9 5HP,,race_day_taper,Demo seed — not a real person,no
Emma,Khan,emma.khan4@harbour-run-demo.test,no,3 Praed Street,,London,England,,United Kingdom,GB,W2 1AE,,race_day_taper,Demo seed — not a real person,no
Oliver,Walsh,oliver.walsh5@harbour-run-demo.test,no,22 Northcote Road,,London,England,,United Kingdom,GB,SW11 1RE,,race_day_taper,Demo seed — not a real person,no
Chloe,Murphy,chloe.murphy6@harbour-run-demo.test,no,15 Well Street,,London,England,,United Kingdom,GB,E9 7HD,,race_day_taper,Demo seed — not a real person,no
Harry,Singh,harry.singh7@harbour-run-demo.test,no,7 Caledonian Road,,London,England,,United Kingdom,GB,N1 9GU,,race_day_taper,Demo seed — not a real person,no
Amelia,Clarke,amelia.clarke8@harbour-run-demo.test,no,19 Borough High Street,,London,England,,United Kingdom,GB,SE1 9SG,,race_day_taper,Demo seed — not a real person,no
Jack,Evans,jack.evans9@harbour-run-demo.test,no,5 Clapham High Street,,London,England,,United Kingdom,GB,SW4 7AA,,race_day_taper,Demo seed — not a real person,no
Sophie,Roberts,sophie.roberts10@harbour-run-demo.test,no,31 Brick Lane,,London,England,,United Kingdom,GB,E1 6AN,,race_day_taper,Demo seed — not a real person,no
Noah,Davies,noah.davies11@harbour-run-demo.test,no,9 Westbourne Grove,,London,England,,United Kingdom,GB,W2 3AH,,wet_weather_trainer,Demo seed — not a real person,no
Mia,Wilson,mia.wilson12@harbour-run-demo.test,no,18 Falcon Road,,London,England,,United Kingdom,GB,SW11 3BY,,wet_weather_trainer,Demo seed — not a real person,no
Leo,Thompson,leo.thompson13@harbour-run-demo.test,no,2 Homerton High Street,,London,England,,United Kingdom,GB,E9 1AA,,wet_weather_trainer,Demo seed — not a real person,no
Isla,Brown,isla.brown14@harbour-run-demo.test,no,14 Upper Street,,London,England,,United Kingdom,GB,N1 1AA,,wet_weather_trainer,Demo seed — not a real person,no
Ethan,Taylor,ethan.taylor15@harbour-run-demo.test,no,27 Tooley Street,,London,England,,United Kingdom,GB,SE1 2AA,,wet_weather_trainer,Demo seed — not a real person,no
Grace,Anderson,grace.anderson16@harbour-run-demo.test,no,1 The Mall,,London,England,,United Kingdom,GB,SW1A 1AA,,wet_weather_trainer,Demo seed — not a real person,no
Lucas,Thomas,lucas.thomas17@harbour-run-demo.test,no,6 Curtain Road,,London,England,,United Kingdom,GB,EC2A 4BX,,club_social,Demo seed — not a real person,no
Ava,Jackson,ava.jackson18@harbour-run-demo.test,no,25 Chiltern Street,,London,England,,United Kingdom,GB,W1U 6AG,,club_social,Demo seed — not a real person,no
Mason,White,mason.white19@harbour-run-demo.test,no,11 Mare Street,,London,England,,United Kingdom,GB,E8 3SA,,club_social,Demo seed — not a real person,no
Lily,Harris,lily.harris20@harbour-run-demo.test,no,4 Outer Circle,,London,England,,United Kingdom,GB,NW1 4NR,,club_social,Demo seed — not a real person,no
Logan,Martin,logan.martin21@harbour-run-demo.test,no,8 King's Road,,London,England,,United Kingdom,GB,SW3 4EE,,club_social,Demo seed — not a real person,no
Ella,Thompson,ella.thompson22@harbour-run-demo.test,no,16 Stoke Newington High Street,,London,England,,United Kingdom,GB,N16 8EA,,wx_athleisure,Demo seed — not a real person,no
Henry,Garcia,henry.garcia23@harbour-run-demo.test,no,20 Rotherhithe Street,,London,England,,United Kingdom,GB,SE16 7AA,,wx_athleisure,Demo seed — not a real person,no
Scarlett,Martinez,scarlett.martinez24@harbour-run-demo.test,no,13 Portobello Road,,London,England,,United Kingdom,GB,W11 2BQ,,wx_athleisure,Demo seed — not a real person,no
Oscar,Robinson,oscar.robinson25@harbour-run-demo.test,no,9 Hackney Road,,London,England,,United Kingdom,GB,E2 8AA,,wx_athleisure,Demo seed — not a real person,no
