Command,Order Name,Order Date,Email,Financial Status,Fulfillment Status,Currency,Tags,Line: Type,Line: Title,Line: SKU,Line: Quantity,Line: Price,Shipping: Name,Shipping: Address1,Shipping: City,Shipping: Zip,Shipping: Province,Shipping: Country Code
NEW,#1001,2026-08-15T09:05:00+01:00,james.wright1@harbour-run-demo.test,paid,fulfilled,GBP,"race_day_taper,seed",Line Item,Race Tee — Unisex — L,HR-RT-L,1,38.00,James Wright,12 Queensway,London,W2 2UH,England,GB
,,,,,,,,Line Item,Running Shorts — L,HR-RS-L,1,42.00,,,,,,
NEW,#1002,2026-08-22T10:08:00+01:00,sarah.patel2@harbour-run-demo.test,paid,fulfilled,GBP,"race_day_taper,seed",Line Item,Race Tee — Unisex — M,HR-RT-M,1,38.00,Sarah Patel,44 Battersea Park Road,London,SW11 4NJ,England,GB
,,,,,,,,Line Item,Performance Socks — 3-pack,HR-PS-3,1,18.00,,,,,,
NEW,#1003,2026-08-29T11:11:00+01:00,tom.hughes3@harbour-run-demo.test,paid,fulfilled,GBP,"race_day_taper,seed",Line Item,Race Tee — Unisex — L,HR-RT-L,1,38.00,Tom Hughes,8 Victoria Park Road,London,E9 5HP,England,GB
,,,,,,,,Line Item,Running Shorts — M,HR-RS-M,1,42.00,,,,,,
,,,,,,,,Line Item,Soft Flask 500 ml,HR-SF-500,1,16.00,,,,,,
NEW,#1004,2026-09-05T12:14:00+01:00,emma.khan4@harbour-run-demo.test,paid,fulfilled,GBP,"race_day_taper,seed",Line Item,Race Tee — Unisex — L,HR-RT-L,1,38.00,Emma Khan,3 Praed Street,London,W2 1AE,England,GB
,,,,,,,,Line Item,Performance Socks — 5-pack,HR-PS-5,1,28.00,,,,,,
NEW,#1005,2026-09-12T09:17:00+01:00,oliver.walsh5@harbour-run-demo.test,paid,fulfilled,GBP,"race_day_taper,seed",Line Item,Race Tee — Unisex — M,HR-RT-M,1,38.00,Oliver Walsh,22 Northcote Road,London,SW11 1RE,England,GB
,,,,,,,,Line Item,Running Shorts — M,HR-RS-M,1,42.00,,,,,,
NEW,#1006,2026-09-19T10:20:00+01:00,chloe.murphy6@harbour-run-demo.test,paid,fulfilled,GBP,"race_day_taper,seed",Line Item,Race Tee — Unisex — L,HR-RT-L,1,38.00,Chloe Murphy,15 Well Street,London,E9 7HD,England,GB
,,,,,,,,Line Item,Running Shorts — L,HR-RS-L,1,42.00,,,,,,
NEW,#1007,2026-08-15T11:23:00+01:00,harry.singh7@harbour-run-demo.test,paid,fulfilled,GBP,"race_day_taper,seed",Line Item,Race Tee — Unisex — XL,HR-RT-XL,1,38.00,Harry Singh,7 Caledonian Road,London,N1 9GU,England,GB
,,,,,,,,Line Item,Performance Socks — 3-pack,HR-PS-3,1,18.00,,,,,,
NEW,#1008,2026-08-22T12:26:00+01:00,amelia.clarke8@harbour-run-demo.test,paid,fulfilled,GBP,"race_day_taper,seed",Line Item,Race Tee — Unisex — L,HR-RT-L,1,38.00,Amelia Clarke,19 Borough High Street,London,SE1 9SG,England,GB
,,,,,,,,Line Item,Soft Flask 500 ml,HR-SF-500,1,16.00,,,,,,
,,,,,,,,Line Item,Trail / Road Cap,HR-CAP-1,1,22.00,,,,,,
NEW,#1009,2026-08-29T09:29:00+01:00,jack.evans9@harbour-run-demo.test,paid,fulfilled,GBP,"race_day_taper,seed",Line Item,Race Tee — Unisex — M,HR-RT-M,1,38.00,Jack Evans,5 Clapham High Street,London,SW4 7AA,England,GB
,,,,,,,,Line Item,Running Shorts — S,HR-RS-S,1,42.00,,,,,,
NEW,#1010,2026-09-05T10:32:00+01:00,sophie.roberts10@harbour-run-demo.test,paid,fulfilled,GBP,"race_day_taper,seed",Line Item,Race Tee — Unisex — L,HR-RT-L,1,38.00,Sophie Roberts,31 Brick Lane,London,E1 6AN,England,GB
,,,,,,,,Line Item,Running Shorts — L,HR-RS-L,1,42.00,,,,,,
,,,,,,,,Line Item,Performance Socks — 3-pack,HR-PS-3,1,18.00,,,,,,
NEW,#1011,2026-09-12T11:35:00+01:00,james.wright1@harbour-run-demo.test,paid,fulfilled,GBP,"race_day_taper,seed",Line Item,Race Tee — Unisex — L,HR-RT-L,1,38.00,James Wright,12 Queensway,London,W2 2UH,England,GB
,,,,,,,,Line Item,Performance Socks — 3-pack,HR-PS-3,1,18.00,,,,,,
NEW,#1012,2026-09-19T12:38:00+01:00,sarah.patel2@harbour-run-demo.test,paid,fulfilled,GBP,"race_day_taper,seed",Line Item,Race Tee — Unisex — M,HR-RT-M,1,38.00,Sarah Patel,44 Battersea Park Road,London,SW11 4NJ,England,GB
,,,,,,,,Line Item,Running Shorts — M,HR-RS-M,1,42.00,,,,,,
NEW,#1013,2026-08-15T09:41:00+01:00,tom.hughes3@harbour-run-demo.test,paid,fulfilled,GBP,"race_day_taper,seed",Line Item,Race Tee — Unisex — L,HR-RT-L,1,38.00,Tom Hughes,8 Victoria Park Road,London,E9 5HP,England,GB
,,,,,,,,Line Item,Running Shorts — L,HR-RS-L,1,42.00,,,,,,
NEW,#1014,2026-08-22T10:44:00+01:00,emma.khan4@harbour-run-demo.test,paid,fulfilled,GBP,"race_day_taper,seed",Line Item,Race Tee — Unisex — S,HR-RT-S,1,38.00,Emma Khan,3 Praed Street,London,W2 1AE,England,GB
,,,,,,,,Line Item,Performance Socks — 5-pack,HR-PS-5,1,28.00,,,,,,
NEW,#1015,2026-08-29T11:47:00+01:00,oliver.walsh5@harbour-run-demo.test,paid,fulfilled,GBP,"race_day_taper,seed",Line Item,Race Tee — Unisex — L,HR-RT-L,1,38.00,Oliver Walsh,22 Northcote Road,London,SW11 1RE,England,GB
,,,,,,,,Line Item,Soft Flask 500 ml,HR-SF-500,1,16.00,,,,,,
NEW,#1016,2026-09-05T12:50:00+01:00,chloe.murphy6@harbour-run-demo.test,paid,fulfilled,GBP,"race_day_taper,seed",Line Item,Race Tee — Unisex — M,HR-RT-M,1,38.00,Chloe Murphy,15 Well Street,London,E9 7HD,England,GB
,,,,,,,,Line Item,Running Shorts — L,HR-RS-L,1,42.00,,,,,,
NEW,#1017,2026-09-12T09:53:00+01:00,harry.singh7@harbour-run-demo.test,paid,fulfilled,GBP,"race_day_taper,seed",Line Item,Race Tee — Unisex — L,HR-RT-L,1,38.00,Harry Singh,7 Caledonian Road,London,N1 9GU,England,GB
,,,,,,,,Line Item,Running Shorts — M,HR-RS-M,1,42.00,,,,,,
NEW,#1018,2026-09-19T10:06:00+01:00,amelia.clarke8@harbour-run-demo.test,paid,fulfilled,GBP,"race_day_taper,seed",Line Item,Race Tee — Unisex — L,HR-RT-L,1,38.00,Amelia Clarke,19 Borough High Street,London,SE1 9SG,England,GB
,,,,,,,,Line Item,Performance Socks — 3-pack,HR-PS-3,1,18.00,,,,,,
,,,,,,,,Line Item,Trail / Road Cap,HR-CAP-1,1,22.00,,,,,,
NEW,#1019,2026-08-18T18:10:00+01:00,noah.davies11@harbour-run-demo.test,paid,fulfilled,GBP,"wet_weather_trainer,seed,wx_proxy_narrative",Line Item,Waterproof Shell Jacket — L,HR-WSJ-L,1,65.00,Noah Davies,9 Westbourne Grove,London,W2 3AH,England,GB
,,,,,,,,Line Item,Race Tee — Unisex — L,HR-RT-L,1,38.00,,,,,,
NEW,#1020,2026-08-25T19:15:00+01:00,mia.wilson12@harbour-run-demo.test,paid,fulfilled,GBP,"wet_weather_trainer,seed,wx_proxy_narrative",Line Item,Waterproof Shell Jacket — M,HR-WSJ-M,1,65.00,Mia Wilson,18 Falcon Road,London,SW11 3BY,England,GB
NEW,#1021,2026-09-01T20:20:00+01:00,leo.thompson13@harbour-run-demo.test,paid,fulfilled,GBP,"wet_weather_trainer,seed,wx_proxy_narrative",Line Item,Waterproof Shell Jacket — L,HR-WSJ-L,1,65.00,Leo Thompson,2 Homerton High Street,London,E9 1AA,England,GB
,,,,,,,,Line Item,Half-Zip Midlayer — M,HR-HZ-M,1,55.00,,,,,,
NEW,#1022,2026-09-08T18:25:00+01:00,isla.brown14@harbour-run-demo.test,paid,fulfilled,GBP,"wet_weather_trainer,seed,wx_proxy_narrative",Line Item,Waterproof Shell Jacket — S,HR-WSJ-S,1,65.00,Isla Brown,14 Upper Street,London,N1 1AA,England,GB
,,,,,,,,Line Item,Race Tee — Unisex — M,HR-RT-M,1,38.00,,,,,,
NEW,#1023,2026-09-15T19:30:00+01:00,ethan.taylor15@harbour-run-demo.test,paid,fulfilled,GBP,"wet_weather_trainer,seed,wx_proxy_narrative",Line Item,Waterproof Shell Jacket — L,HR-WSJ-L,1,65.00,Ethan Taylor,27 Tooley Street,London,SE1 2AA,England,GB
NEW,#1024,2026-09-22T20:35:00+01:00,grace.anderson16@harbour-run-demo.test,paid,fulfilled,GBP,"wet_weather_trainer,seed,wx_proxy_narrative",Line Item,Waterproof Shell Jacket — M,HR-WSJ-M,1,65.00,Grace Anderson,1 The Mall,London,SW1A 1AA,England,GB
,,,,,,,,Line Item,Race Tee — Unisex — L,HR-RT-L,1,38.00,,,,,,
NEW,#1025,2026-08-20T18:40:00+01:00,noah.davies11@harbour-run-demo.test,paid,fulfilled,GBP,"wet_weather_trainer,seed,wx_proxy_narrative",Line Item,Waterproof Shell Jacket — XL,HR-WSJ-XL,1,65.00,Noah Davies,9 Westbourne Grove,London,W2 3AH,England,GB
,,,,,,,,Line Item,Half-Zip Midlayer — L,HR-HZ-L,1,55.00,,,,,,
NEW,#1026,2026-09-03T19:45:00+01:00,mia.wilson12@harbour-run-demo.test,paid,fulfilled,GBP,"wet_weather_trainer,seed,wx_proxy_narrative",Line Item,Waterproof Shell Jacket — L,HR-WSJ-L,1,65.00,Mia Wilson,18 Falcon Road,London,SW11 3BY,England,GB
,,,,,,,,Line Item,Race Tee — Unisex — S,HR-RT-S,1,38.00,,,,,,
NEW,#1027,2026-09-10T20:10:00+01:00,leo.thompson13@harbour-run-demo.test,paid,fulfilled,GBP,"wet_weather_trainer,seed,wx_proxy_narrative",Line Item,Waterproof Shell Jacket — M,HR-WSJ-M,1,65.00,Leo Thompson,2 Homerton High Street,London,E9 1AA,England,GB
NEW,#1028,2026-09-17T18:15:00+01:00,isla.brown14@harbour-run-demo.test,paid,fulfilled,GBP,"wet_weather_trainer,seed,wx_proxy_narrative",Line Item,Waterproof Shell Jacket — L,HR-WSJ-L,1,65.00,Isla Brown,14 Upper Street,London,N1 1AA,England,GB
,,,,,,,,Line Item,Race Tee — Unisex — L,HR-RT-L,1,38.00,,,,,,
NEW,#1029,2026-08-18T19:20:00+01:00,ethan.taylor15@harbour-run-demo.test,paid,fulfilled,GBP,"wet_weather_trainer,seed,wx_proxy_narrative",Line Item,Waterproof Shell Jacket — S,HR-WSJ-S,1,65.00,Ethan Taylor,27 Tooley Street,London,SE1 2AA,England,GB
,,,,,,,,Line Item,Half-Zip Midlayer — S,HR-HZ-S,1,55.00,,,,,,
NEW,#1030,2026-08-25T20:25:00+01:00,grace.anderson16@harbour-run-demo.test,paid,fulfilled,GBP,"wet_weather_trainer,seed,wx_proxy_narrative",Line Item,Waterproof Shell Jacket — L,HR-WSJ-L,1,65.00,Grace Anderson,1 The Mall,London,SW1A 1AA,England,GB
NEW,#1031,2026-08-15T10:15:00+01:00,lucas.thomas17@harbour-run-demo.test,paid,fulfilled,GBP,"club_social,seed",Line Item,Trail / Road Cap,HR-CAP-1,1,22.00,Lucas Thomas,6 Curtain Road,London,EC2A 4BX,England,GB
,,,,,,,,Line Item,Recovery Joggers — M,HR-RJ-M,1,48.00,,,,,,
NEW,#1032,2026-08-22T10:16:00+01:00,ava.jackson18@harbour-run-demo.test,paid,fulfilled,GBP,"club_social,seed",Line Item,Half-Zip Midlayer — M,HR-HZ-M,1,55.00,Ava Jackson,25 Chiltern Street,London,W1U 6AG,England,GB
,,,,,,,,Line Item,Trail / Road Cap,HR-CAP-1,1,22.00,,,,,,
NEW,#1033,2026-08-29T10:17:00+01:00,mason.white19@harbour-run-demo.test,paid,fulfilled,GBP,"club_social,seed",Line Item,Recovery Joggers — L,HR-RJ-L,1,48.00,Mason White,11 Mare Street,London,E8 3SA,England,GB
,,,,,,,,Line Item,Performance Socks — 3-pack,HR-PS-3,1,18.00,,,,,,
NEW,#1034,2026-09-05T10:18:00+01:00,lily.harris20@harbour-run-demo.test,paid,fulfilled,GBP,"club_social,seed",Line Item,Trail / Road Cap,HR-CAP-1,1,22.00,Lily Harris,4 Outer Circle,London,NW1 4NR,England,GB
,,,,,,,,Line Item,Race Tee — Unisex — M,HR-RT-M,1,38.00,,,,,,
NEW,#1035,2026-09-12T10:19:00+01:00,logan.martin21@harbour-run-demo.test,paid,fulfilled,GBP,"club_social,seed",Line Item,Recovery Joggers — M,HR-RJ-M,1,48.00,Logan Martin,8 King's Road,London,SW3 4EE,England,GB
,,,,,,,,Line Item,Half-Zip Midlayer — S,HR-HZ-S,1,55.00,,,,,,
NEW,#1036,2026-09-19T10:20:00+01:00,lucas.thomas17@harbour-run-demo.test,paid,fulfilled,GBP,"club_social,seed",Line Item,Trail / Road Cap,HR-CAP-1,1,22.00,Lucas Thomas,6 Curtain Road,London,EC2A 4BX,England,GB
,,,,,,,,Line Item,Soft Flask 500 ml,HR-SF-500,1,16.00,,,,,,
NEW,#1037,2026-08-15T10:21:00+01:00,ava.jackson18@harbour-run-demo.test,paid,fulfilled,GBP,"club_social,seed",Line Item,Recovery Joggers — L,HR-RJ-L,1,48.00,Ava Jackson,25 Chiltern Street,London,W1U 6AG,England,GB
NEW,#1038,2026-08-22T10:22:00+01:00,mason.white19@harbour-run-demo.test,paid,fulfilled,GBP,"club_social,seed",Line Item,Half-Zip Midlayer — L,HR-HZ-L,1,55.00,Mason White,11 Mare Street,London,E8 3SA,England,GB
,,,,,,,,Line Item,Trail / Road Cap,HR-CAP-1,1,22.00,,,,,,
NEW,#1039,2026-09-10T19:23:00+01:00,lily.harris20@harbour-run-demo.test,paid,fulfilled,GBP,"club_social,seed",Line Item,Race Tee — Unisex — S,HR-RT-S,1,38.00,Lily Harris,4 Outer Circle,London,NW1 4NR,England,GB
,,,,,,,,Line Item,Trail / Road Cap,HR-CAP-1,1,22.00,,,,,,
NEW,#1040,2026-09-17T19:24:00+01:00,logan.martin21@harbour-run-demo.test,paid,fulfilled,GBP,"club_social,seed",Line Item,Recovery Joggers — S,HR-RJ-S,1,48.00,Logan Martin,8 King's Road,London,SW3 4EE,England,GB
,,,,,,,,Line Item,Performance Socks — 3-pack,HR-PS-3,1,18.00,,,,,,
NEW,#1041,2026-08-15T12:20:00+01:00,ella.thompson22@harbour-run-demo.test,paid,fulfilled,GBP,"wx_athleisure,seed",Line Item,Recovery Joggers — M,HR-RJ-M,1,48.00,Ella Thompson,16 Stoke Newington High Street,London,N16 8EA,England,GB
,,,,,,,,Line Item,Trail / Road Cap,HR-CAP-1,1,22.00,,,,,,
NEW,#1042,2026-08-25T13:21:00+01:00,henry.garcia23@harbour-run-demo.test,paid,fulfilled,GBP,"wx_athleisure,seed",Line Item,Half-Zip Midlayer — M,HR-HZ-M,1,55.00,Henry Garcia,20 Rotherhithe Street,London,SE16 7AA,England,GB
NEW,#1043,2026-08-29T14:22:00+01:00,scarlett.martinez24@harbour-run-demo.test,paid,fulfilled,GBP,"wx_athleisure,seed",Line Item,Recovery Joggers — L,HR-RJ-L,1,48.00,Scarlett Martinez,13 Portobello Road,London,W11 2BQ,England,GB
NEW,#1044,2026-09-08T15:23:00+01:00,oscar.robinson25@harbour-run-demo.test,paid,fulfilled,GBP,"wx_athleisure,seed",Line Item,Race Tee — Unisex — M,HR-RT-M,1,38.00,Oscar Robinson,9 Hackney Road,London,E2 8AA,England,GB
,,,,,,,,Line Item,Trail / Road Cap,HR-CAP-1,1,22.00,,,,,,
NEW,#1045,2026-09-12T16:24:00+01:00,ella.thompson22@harbour-run-demo.test,paid,fulfilled,GBP,"wx_athleisure,seed",Line Item,Performance Socks — 5-pack,HR-PS-5,1,28.00,Ella Thompson,16 Stoke Newington High Street,London,N16 8EA,England,GB
,,,,,,,,Line Item,Soft Flask 500 ml,HR-SF-500,1,16.00,,,,,,
NEW,#1046,2026-09-22T12:25:00+01:00,henry.garcia23@harbour-run-demo.test,paid,fulfilled,GBP,"wx_athleisure,seed",Line Item,Recovery Joggers — S,HR-RJ-S,1,48.00,Henry Garcia,20 Rotherhithe Street,London,SE16 7AA,England,GB
,,,,,,,,Line Item,Performance Socks — 3-pack,HR-PS-3,1,18.00,,,,,,
NEW,#1047,2026-08-15T13:26:00+01:00,scarlett.martinez24@harbour-run-demo.test,paid,fulfilled,GBP,"wx_athleisure,seed",Line Item,Half-Zip Midlayer — S,HR-HZ-S,1,55.00,Scarlett Martinez,13 Portobello Road,London,W11 2BQ,England,GB
,,,,,,,,Line Item,Trail / Road Cap,HR-CAP-1,1,22.00,,,,,,
NEW,#1048,2026-09-03T14:27:00+01:00,oscar.robinson25@harbour-run-demo.test,paid,fulfilled,GBP,"wx_athleisure,seed",Line Item,Kids / Youth Run Tee — YM,HR-KYT-YM,1,28.00,Oscar Robinson,9 Hackney Road,London,E2 8AA,England,GB
,,,,,,,,Line Item,Race Tee — Unisex — L,HR-RT-L,1,38.00,,,,,,
